age,cases_hospitalized,cases_all,severe,severe_low,severe_high
0,0,13,0,0,0
10,1,50,0.000408,0.000243,0.000832
20,49,437,0.0104,0.00622,0.0213
30,124,733,0.0343,0.0204,0.07
40,154,743,0.0425,0.0253,0.0868
50,222,790,0.0816,0.0486,0.167
60,201,560,0.118,0.0701,0.24
70,133,263,0.166,0.0987,0.338
80,51,76,0.184,0.11,0.376
